country,status,item type,application,width,product_ref,quantity_tons_log,customer_log,thickness_log,selling_price_log,item_date_day,item_date_month,item_date_year,delivery_date_day,delivery_date_month,delivery_date_year
28.0,1,1.0,10.0,1500.0,1670798778,3.9917790003727465,17.221904679817747,0.6931471805599453,6.74993119378857,1,4,2021,1,7,2021
25.0,1,1.0,41.0,1210.0,1668701718,6.6438220753329915,17.223449762381453,-0.2231435513142097,6.953684210870537,1,4,2021,1,4,2021
25.0,1,1.0,41.0,1265.0,1668701718,5.419608358126058,17.223449762381453,0.4054651081081644,6.890609120147166,1,4,2021,1,4,2021
30.0,2,1.0,41.0,1125.0,611993,1.2592029299292045,17.223667300334384,-0.9675840262617056,6.666862490551294,1,4,2021,1,7,2021
38.0,1,0.0,10.0,1275.0,1668701376,4.2351473077012844,17.228024597355837,-0.5108256237659907,7.217443431696533,1,4,2021,1,7,2021
25.0,1,1.0,41.0,1165.0,1668701718,6.446714430468964,17.223449762381453,0.4054651081081644,6.890609120147166,1,4,2021,1,4,2021
30.0,2,1.0,41.0,1125.0,611993,2.216566313798011,17.223667300334384,-0.9675840262617056,6.666862490551294,1,4,2021,1,7,2021
78.0,1,1.0,10.0,1250.0,164141591,3.3146420722942396,17.22221040658372,-0.2876820724517809,7.001245622069476,1,4,2021,1,7,2021
27.0,1,0.0,10.0,1010.0,628377,3.473062649022937,17.223430691207234,-0.5108256237659907,6.880384082186005,1,4,2021,1,7,2021
28.0,3,1.0,10.0,1250.0,611993,2.342896513033331,17.225724402217104,-0.5108256237659907,7.1372784372603855,1,4,2021,1,7,2021
30.0,1,1.0,41.0,1265.0,611993,4.31914532174127,17.221811892271877,-0.5191938734365074,7.0577774482256155,1,4,2021,1,4,2021
30.0,1,1.0,10.0,900.0,611993,3.0352949253549735,17.223724002726826,-0.7985076962177716,7.181736420866684,1,4,2021,1,7,2021
28.0,3,1.0,10.0,1250.0,611993,2.7883382097639218,17.225724402217104,-0.2231435513142097,7.084226422097916,1,4,2021,1,7,2021
30.0,1,1.0,41.0,1265.0,611993,4.267835268244499,17.221811892271877,-0.5191938734365074,7.05730395725399,1,4,2021,1,4,2021
25.0,1,1.0,41.0,1275.0,1668701718,6.156636088667533,17.223449762381453,0.9162907318741551,6.88653164253051,1,4,2021,1,4,2021
28.0,3,1.0,10.0,1000.0,611993,2.653493632232036,17.225724402217104,-0.5108256237659907,7.142827401161621,1,4,2021,1,7,2021
30.0,1,1.0,41.0,1265.0,611993,4.373666666187563,17.221811892271877,-0.5191938734365074,7.051933541998048,1,4,2021,1,4,2021
25.0,1,1.0,41.0,1025.0,1670798778,5.190636361190848,17.223449762381453,0.4054651081081644,6.821107472256465,1,4,2021,1,4,2021
28.0,3,1.0,10.0,1000.0,611993,2.768077933286054,17.225724402217104,-0.2231435513142097,7.0967213784947605,1,4,2021,1,7,2021
78.0,1,0.0,28.0,912.0,628377,6.664945202498665,17.221775643761838,0.03922071315328133,6.772599710955681,1,4,2021,1,4,2021
30.0,1,1.0,41.0,1207.0,611993,4.595717640008473,17.221811892271877,-0.5191938734365074,7.027314514039777,1,4,2021,1,4,2021
25.0,1,1.0,41.0,1500.0,1670798778,5.221164449404885,17.223449762381453,1.3862943611198906,6.773080375655535,1,4,2021,1,4,2021
28.0,3,1.0,10.0,1250.0,611993,2.2846658713334724,17.225724402217104,0.0,7.078341579557671,1,4,2021,1,7,2021
78.0,1,0.0,28.0,1132.0,628377,4.6290993150039155,17.221775643761838,0.03922071315328133,6.77030765650155,1,4,2021,1,4,2021
30.0,1,1.0,41.0,1207.0,611993,4.327539603233146,17.221811892271877,-0.5191938734365074,7.057975387080368,1,4,2021,1,4,2021
25.0,1,1.0,41.0,1445.0,1670798778,5.191425199622153,17.223449762381453,1.0986122886681098,6.76849321164863,1,4,2021,1,4,2021
28.0,3,1.0,10.0,1500.0,611993,2.6247876546401585,17.225724402217104,0.0,7.084226422097916,1,4,2021,1,7,2021
78.0,1,0.0,28.0,1175.0,628377,5.336463976616768,17.221775643761838,0.03922071315328133,6.76455443034113,1,4,2021,1,4,2021
32.0,1,0.0,15.0,1000.0,1671863738,3.3676728868226444,17.229818897973214,1.0986122886681098,6.9440872082295275,1,4,2021,1,7,2021
25.0,1,1.0,41.0,1465.0,1670798778,4.529554598722833,17.223449762381453,1.6094379124341003,6.731018100482083,1,4,2021,1,4,2021
28.0,3,1.0,10.0,1000.0,611993,2.9624949281410355,17.225724402217104,-0.6931471805599453,7.180069874302796,1,4,2021,1,7,2021
78.0,1,0.0,28.0,966.0,628377,3.8016020810278617,17.221775643761838,0.03922071315328133,6.771454340417674,1,4,2021,1,4,2021
77.0,1,0.0,4.0,1300.0,164141591,3.9638158929082823,17.22209874973084,-0.2231435513142097,6.97914527506881,1,4,2021,1,6,2021
25.0,1,1.0,41.0,1260.0,1670798778,4.0927992907382,17.223449762381453,3.0812460486415887,7.027314514039777,1,4,2021,1,4,2021
28.0,3,1.0,10.0,1000.0,611993,2.395290536142576,17.225724402217104,-0.5978370007556204,7.160845906664299,1,4,2021,1,7,2021
78.0,1,0.0,28.0,900.0,628377,6.292966146807646,17.221775643761838,-0.7985076962177716,6.806364650661422,1,4,2021,1,4,2021
77.0,1,0.0,4.0,1300.0,164141591,4.040088161114003,17.22209874973084,0.09531017980432493,6.954638864880987,1,4,2021,1,6,2021
25.0,1,1.0,10.0,1208.0,611993,3.906096588861824,17.223295096592608,-0.3285040669720361,7.197435354096591,1,4,2021,1,7,2021
28.0,3,1.0,10.0,1250.0,611993,2.8155899431204636,17.225724402217104,-0.5978370007556204,7.15305163493748,1,4,2021,1,7,2021
78.0,1,0.0,28.0,1022.0,628377,5.203516686826498,17.221775643761838,0.22314355131420976,6.74120470390038,1,4,2021,1,4,2021
77.0,1,0.0,4.0,1300.0,164141591,3.2784162363645155,17.22209874973084,-0.2231435513142097,6.970730078143525,1,4,2021,1,6,2021
78.0,1,0.0,59.0,900.0,640665,4.889477426595752,17.227854880988264,0.5877866649021191,6.747586526829315,1,4,2021,1,5,2021
28.0,3,1.0,10.0,1000.0,611993,2.290952160140748,17.225724402217104,-0.5108256237659907,7.141245122350491,1,4,2021,1,7,2021
78.0,1,0.0,28.0,1234.0,628377,4.8424233382680075,17.221775643761838,0.23111172096338664,6.736468613208144,1,4,2021,1,4,2021
77.0,1,0.0,4.0,1300.0,164141591,3.3229915278280857,17.22209874973084,0.09531017980432493,6.952728644624869,1,4,2021,1,6,2021
78.0,1,0.0,59.0,800.0,640665,3.4307545538052837,17.227854880988264,1.0986122886681098,6.740519359606223,1,4,2021,1,5,2021
28.0,3,1.0,10.0,1100.0,611993,2.881606489368068,17.225724402217104,-0.7985076962177716,7.194436851100335,1,4,2021,1,7,2021
78.0,1,0.0,28.0,1170.0,628377,5.9179679208904,17.221775643761838,-0.7985076962177716,6.788498658132199,1,4,2021,1,4,2021
28.0,1,1.0,38.0,1005.0,611993,4.136364109469761,17.225613797815143,-0.5978370007556204,7.226209010100671,1,4,2021,1,8,2021
78.0,1,0.0,59.0,900.0,640665,3.6343479114659494,17.227854880988264,1.0986122886681098,6.733401891837359,1,4,2021,1,5,2021
28.0,3,1.0,10.0,1250.0,611993,2.612623125799206,17.225724402217104,-0.5108256237659907,7.143617602704121,1,4,2021,1,7,2021
78.0,1,0.0,28.0,1222.0,628377,5.31938856386891,17.221775643761838,0.03922071315328133,6.76224383988178,1,4,2021,1,4,2021
28.0,1,1.0,38.0,1250.0,611993,3.7724715985388366,17.225613797815143,-0.5108256237659907,7.165493475060845,1,4,2021,1,8,2021
78.0,1,0.0,59.0,900.0,640665,6.0521507738503235,17.227854880988264,0.9162907318741551,6.727431724850855,1,4,2021,1,5,2021
28.0,3,1.0,10.0,1250.0,611993,2.9436538394459526,17.225724402217104,-0.5108256237659907,7.138073034044347,1,4,2021,1,7,2021
78.0,1,0.0,28.0,1180.0,628377,6.664945202498665,17.221775643761838,-0.7985076962177716,6.792995169676452,1,4,2021,1,4,2021
28.0,3,1.0,10.0,1000.0,611993,2.395464376927315,17.225724402217104,-0.5108256237659907,7.147559271189454,1,4,2021,1,7,2021
78.0,1,0.0,59.0,900.0,640665,6.664945202498665,17.227854880988264,1.0986122886681098,6.723832440821209,1,4,2021,1,5,2021
28.0,3,1.0,10.0,1250.0,611993,2.5943720324396793,17.225724402217104,-0.6931471805599453,7.20414929203594,1,4,2021,1,7,2021
78.0,1,0.0,28.0,1160.0,628377,4.811710107975546,17.221775643761838,-0.7985076962177716,6.7963543343884565,1,4,2021,1,4,2021
28.0,3,1.0,10.0,1250.0,611993,2.6775222881645524,17.225724402217104,-0.2231435513142097,7.093404625868766,1,4,2021,1,7,2021
78.0,1,0.0,59.0,900.0,640665,4.578749755364463,17.227854880988264,1.3862943611198906,6.717804695023691,1,4,2021,1,5,2021
28.0,3,1.0,10.0,1000.0,611993,2.91403403662282,17.225724402217104,-0.2231435513142097,7.108244139731541,1,4,2021,1,7,2021
78.0,1,0.0,28.0,1134.0,628377,4.861567743472305,17.221775643761838,0.22314355131420976,6.740022782431475,1,4,2021,1,4,2021
28.0,3,1.0,10.0,1000.0,611993,2.927491444390881,17.225724402217104,-0.2231435513142097,7.101675971619444,1,4,2021,1,7,2021
78.0,1,0.0,59.0,900.0,640665,4.4994463252173125,17.227854880988264,0.6931471805599453,6.729824070489475,1,4,2021,1,5,2021
28.0,3,1.0,10.0,1250.0,611993,2.404190657940089,17.225724402217104,-0.2231435513142097,7.095064377287131,1,4,2021,1,7,2021
78.0,1,0.0,28.0,900.0,628377,4.953346415040208,17.221775643761838,-0.7985076962177716,6.804148779693367,1,4,2021,1,4,2021
28.0,3,1.0,10.0,1500.0,611993,2.4431438378377863,17.225724402217104,-0.2231435513142097,7.0925737159746784,1,4,2021,1,7,2021
28.0,1,0.0,10.0,915.0,628377,4.0668179081564055,17.221904679817747,-0.5108256237659907,6.831953565565855,1,4,2021,1,7,2021
28.0,3,1.0,10.0,1250.0,611993,2.276095914710542,17.225724402217104,-0.2231435513142097,7.095064377287131,1,4,2021,1,7,2021
113.0,1,0.0,41.0,1250.0,611993,5.084364603995046,17.22854194080274,-0.6931471805599453,7.195187320178709,1,4,2021,1,7,2021
28.0,3,1.0,10.0,1000.0,611993,2.7780128431873914,17.225724402217104,0.0,7.086737934510577,1,4,2021,1,7,2021
25.0,1,1.0,41.0,1320.0,164141591,4.301878422559947,17.223449762381453,0.0,6.866933284461882,1,4,2021,1,4,2021
28.0,3,1.0,10.0,1000.0,611993,2.563422811344221,17.225724402217104,-0.5108256237659907,7.1592919047975645,1,4,2021,1,7,2021
113.0,1,0.0,41.0,1250.0,611993,5.3953066839931845,17.22854194080274,-0.6931471805599453,7.19668657083435,1,4,2021,1,7,2021
28.0,3,1.0,10.0,1500.0,611993,2.294160345660339,17.225724402217104,-0.2231435513142097,7.087573705557973,1,4,2021,1,7,2021
25.0,1,1.0,41.0,1225.0,164141591,4.654752606715591,17.223449762381453,0.0,6.890609120147166,1,4,2021,1,4,2021
28.0,3,1.0,10.0,1500.0,611993,2.640755136810322,17.225724402217104,0.22314355131420976,7.063903961472068,1,4,2021,1,7,2021
32.0,1,0.0,59.0,1389.0,628377,3.3039294293713133,17.22829303912745,0.26236426446749106,6.848005274576363,1,4,2021,1,7,2021
28.0,3,1.0,10.0,1500.0,611993,2.7386764670585415,17.225724402217104,-0.6931471805599453,7.143617602704121,1,4,2021,1,7,2021
25.0,1,1.0,41.0,1444.0,164141591,3.7440769098233044,17.223449762381453,0.6931471805599453,6.85751406254539,1,4,2021,1,4,2021
28.0,3,1.0,10.0,1000.0,611993,2.8435652564662304,17.225724402217104,-0.5108256237659907,7.143617602704121,1,4,2021,1,7,2021
28.0,1,1.0,10.0,1250.0,1332077137,4.008329558869176,17.22328552646122,-0.2231435513142097,6.879355804460439,1,4,2021,1,8,2021
28.0,3,1.0,10.0,1250.0,611993,2.814420256203567,17.225724402217104,-0.6931471805599453,7.168579897264035,1,4,2021,1,7,2021
78.0,1,0.0,10.0,1640.0,640665,3.5117940124116602,17.229782658419744,2.5649493574615367,6.720220155135295,1,4,2021,1,6,2021
28.0,3,1.0,10.0,1500.0,611993,2.7494793546241287,17.225724402217104,-0.2231435513142097,7.0925737159746784,1,4,2021,1,7,2021
77.0,1,0.0,56.0,1330.0,164141591,3.481924186672357,17.227645011213568,0.14842000511827322,7.011213987350367,1,4,2021,1,7,2021
28.0,3,1.0,10.0,1250.0,611993,2.922829260453129,17.225724402217104,0.0,7.078341579557671,1,4,2021,1,7,2021
78.0,1,0.0,10.0,900.0,640665,3.5140762384305178,17.229782658419744,1.0986122886681098,6.945051063725834,1,4,2021,1,7,2021
28.0,3,1.0,10.0,1250.0,611993,2.85339778599516,17.225724402217104,-0.5108256237659907,7.151485463904735,1,4,2021,1,7,2021
79.0,1,0.0,10.0,779.0,640665,3.089488603576965,17.223805723986448,0.4054651081081644,6.812345094177479,1,4,2021,1,4,2021
28.0,3,1.0,10.0,1500.0,611993,2.396697981786,17.225724402217104,-0.35667494393873245,7.102499355774649,1,4,2021,1,7,2021
78.0,1,0.0,10.0,900.0,640665,3.2404818689519077,17.229782658419744,1.3862943611198906,6.9440872082295275,1,4,2021,1,7,2021
28.0,3,1.0,10.0,1000.0,611993,2.769780761104286,17.225724402217104,0.0,7.234177179749849,1,4,2021,1,7,2021
77.0,1,0.0,42.0,1250.0,164141591,3.280220649582139,17.224497588050635,0.3364722366212129,6.9865664594064265,1,4,2021,1,9,2021
28.0,3,1.0,10.0,1000.0,611993,2.7635536511335963,17.225724402217104,-0.10536051565782628,7.097548850614793,1,4,2021,1,7,2021
78.0,1,0.0,10.0,900.0,640665,3.334423732307736,17.229782658419744,1.8484548129046001,6.949856455000773,1,4,2021,1,7,2021
28.0,3,1.0,10.0,1500.0,611993,2.9371540945006913,17.225724402217104,0.6931471805599453,7.068172000388042,1,4,2021,1,7,2021
77.0,1,0.0,42.0,1109.0,164141591,3.4487793502253825,17.224497588050635,0.8754687373538999,6.961296045910167,1,4,2021,1,9,2021
28.0,3,1.0,10.0,1250.0,611993,2.9045921088387185,17.225724402217104,0.09531017980432493,7.249215057114389,1,4,2021,1,7,2021
78.0,1,0.0,10.0,900.0,640665,3.454199100328193,17.229782658419744,1.9459101490553132,6.945051063725834,1,4,2021,1,7,2021
28.0,3,1.0,10.0,1250.0,611993,2.645723659466501,17.225724402217104,0.09531017980432493,7.2640301428995295,1,4,2021,1,7,2021
77.0,1,0.0,42.0,1250.0,164141591,5.994460015708916,17.224497588050635,0.3364722366212129,6.977281341630747,1,4,2021,1,9,2021
28.0,3,1.0,10.0,1250.0,611993,2.2675311132177707,17.225724402217104,-0.5108256237659907,7.343426229147367,1,4,2021,1,7,2021
78.0,1,0.0,10.0,900.0,640665,3.2831080633560297,17.229782658419744,2.302585092994046,6.953684210870537,1,4,2021,1,7,2021
28.0,3,1.0,10.0,1250.0,611993,2.307161435546519,17.225724402217104,-0.2231435513142097,7.084226422097916,1,4,2021,1,7,2021
77.0,1,0.0,42.0,1250.0,164141591,5.996217798986294,17.224497588050635,0.6418538861723947,6.975413927455952,1,4,2021,1,9,2021
28.0,3,1.0,10.0,1000.0,611993,2.865984566326711,17.225724402217104,-0.5978370007556204,7.393239705191865,1,4,2021,1,7,2021
78.0,1,0.0,10.0,900.0,640665,3.5056822594610253,17.229782658419744,2.4849066497880004,6.955592608396297,1,4,2021,1,7,2021
28.0,3,1.0,10.0,1250.0,611993,2.9689112522078416,17.225724402217104,-0.5978370007556204,7.393239705191865,1,4,2021,1,7,2021
77.0,1,0.0,42.0,1230.0,164141591,4.0380959670774565,17.224497588050635,-0.5108256237659907,6.996681488176539,1,4,2021,1,9,2021
28.0,3,1.0,10.0,1250.0,611993,2.4873820866976626,17.225724402217104,-0.5108256237659907,7.136483208590247,1,4,2021,1,7,2021
78.0,1,0.0,10.0,900.0,640665,3.975747122653859,17.229782658419744,2.70805020110221,6.96979066990159,1,4,2021,1,7,2021
77.0,1,0.0,42.0,1250.0,164141591,3.9271979353527944,17.224497588050635,-0.5108256237659907,7.001245622069476,1,4,2021,1,9,2021
28.0,1,1.0,10.0,1500.0,628377,4.028252421509065,17.22328552646122,-0.35667494393873245,6.949856455000773,1,4,2021,1,8,2021
78.0,1,0.0,10.0,1100.0,640665,4.08962544786377,17.229782658419744,1.0986122886681098,6.9440872082295275,1,4,2021,1,7,2021
26.0,1,1.0,41.0,1306.0,628377,5.3054034404198624,17.223308839008634,0.14842000511827322,6.9930151229329605,1,4,2021,1,7,2021
77.0,1,0.0,42.0,1250.0,164141591,3.3420133925525892,17.224497588050635,0.5306282510621704,6.9726062513017535,1,4,2021,1,9,2021
27.0,1,0.0,59.0,1000.0,628377,3.458211447139936,17.223305660056898,-0.5108256237659907,6.8966943316227125,1,4,2021,1,8,2021
78.0,1,0.0,10.0,1100.0,640665,4.058494741488389,17.229782658419744,1.3862943611198906,6.93828448401696,1,4,2021,1,7,2021
27.0,1,0.0,59.0,1250.0,628377,3.306179831537589,17.223305660056898,-0.5108256237659907,6.881411303642535,1,4,2021,1,8,2021
77.0,1,0.0,42.0,1250.0,164141591,3.192621381044147,17.224497588050635,0.22314355131420976,6.976348070447749,1,4,2021,1,9,2021
27.0,1,0.0,59.0,1500.0,628377,3.003323160235343,17.223305660056898,-0.5108256237659907,6.875232087276577,1,4,2021,1,8,2021
78.0,1,0.0,10.0,1100.0,640665,3.9927313959164743,17.229782658419744,1.8484548129046001,6.943122422819428,1,4,2021,1,7,2021
78.0,1,1.0,10.0,1250.0,1668701718,6.314514136526811,17.22221040658372,0.0,7.037905963447182,1,4,2021,1,9,2021
77.0,1,0.0,42.0,1109.0,164141591,3.4574551165310656,17.224497588050635,0.8754687373538999,6.981934677156389,1,4,2021,1,9,2021
78.0,1,1.0,10.0,1500.0,1668701718,5.617447218499904,17.22221040658372,0.0,7.038783541388542,1,4,2021,1,9,2021
78.0,1,0.0,10.0,1100.0,640665,4.059196579936495,17.229782658419744,1.9459101490553132,6.947937068614969,1,4,2021,1,7,2021
78.0,1,1.0,10.0,1250.0,1668701718,6.307940504630143,17.22221040658372,0.6931471805599453,7.001245622069476,1,4,2021,1,9,2021
77.0,1,0.0,42.0,1260.0,164141591,3.277359987559099,17.224497588050635,0.883767540168595,7.007600613951853,1,4,2021,1,9,2021
78.0,1,1.0,10.0,1500.0,1668701718,5.641286049420759,17.22221040658372,0.6931471805599453,7.00397413672268,1,4,2021,1,9,2021
78.0,1,0.0,10.0,1100.0,640665,4.088881242934263,17.229782658419744,2.0794415416798357,6.9440872082295275,1,4,2021,1,7,2021
77.0,1,0.0,56.0,1330.0,164141591,3.529681373899132,17.227645011213568,0.1823215567939546,7.010311867307229,1,4,2021,1,7,2021
77.0,1,0.0,42.0,960.0,164141591,3.3454237525650776,17.224497588050635,0.6931471805599453,6.980075940561763,1,4,2021,1,9,2021
77.0,1,0.0,56.0,1700.0,164141591,3.5476574253562476,17.227645011213568,-0.35667494393873245,7.081708586105575,1,4,2021,1,7,2021
78.0,1,0.0,10.0,1100.0,640665,4.082987726804963,17.229782658419744,2.302585092994046,6.951772164398911,1,4,2021,1,7,2021
77.0,1,0.0,56.0,1700.0,164141591,3.686058228446669,17.227645011213568,-0.10536051565782628,7.050122520269059,1,4,2021,1,7,2021
77.0,1,0.0,42.0,1010.0,164141591,3.189917631740887,17.224497588050635,0.8754687373538999,6.984716320118266,1,4,2021,1,9,2021
77.0,1,0.0,56.0,1700.0,164141591,3.6251019928967807,17.227645011213568,0.09531017980432493,7.04141166379481,1,4,2021,1,7,2021
78.0,1,0.0,10.0,1100.0,640665,3.9519687153231504,17.229782658419744,2.4849066497880004,6.951772164398911,1,4,2021,1,7,2021
39.0,1,1.0,56.0,1240.0,1668701376,3.544814604334003,17.223269498769607,0.0,6.9975959829819265,1,4,2021,1,8,2021
77.0,1,0.0,42.0,1250.0,164141591,3.208391264651935,17.224497588050635,0.6523251860396901,7.007600613951853,1,4,2021,1,9,2021
39.0,1,1.0,56.0,1250.0,1668701376,3.3759472298506736,17.223269498769607,0.1823215567939546,6.999422467507961,1,4,2021,1,8,2021
78.0,1,0.0,10.0,1100.0,640665,4.038324880603974,17.229782658419744,2.70805020110221,6.954638864880987,1,4,2021,1,7,2021
39.0,1,1.0,56.0,1050.0,1668701376,4.031107864633313,17.223269498769607,0.0,6.984716320118266,1,4,2021,1,8,2021
77.0,1,0.0,42.0,1250.0,164141591,3.402688816253793,17.224497588050635,0.6418538861723947,6.9782137426306985,1,4,2021,1,9,2021
39.0,1,1.0,56.0,1090.0,1668701376,4.076922529121658,17.223269498769607,0.0,6.988413181999592,1,4,2021,1,8,2021
78.0,1,0.0,10.0,1500.0,640665,4.00926630918015,17.229782658419744,1.0986122886681098,6.940222469119639,1,4,2021,1,7,2021
39.0,1,1.0,56.0,1405.0,1668701376,3.302265188881181,17.223269498769607,0.0,7.003065458786462,1,4,2021,1,8,2021
78.0,1,1.0,10.0,800.0,1668701718,1.8631974294034146,17.224127116013786,0.0,7.059617628291383,1,4,2021,1,7,2021
39.0,1,1.0,56.0,1050.0,1668701376,4.916982043160154,17.223269498769607,0.0,7.018401799069201,1,4,2021,1,8,2021
78.0,1,0.0,10.0,1500.0,640665,3.9416006274925963,17.229782658419744,1.3862943611198906,6.942156705699469,1,4,2021,1,7,2021
39.0,1,1.0,56.0,1240.0,1668701376,4.52838653539733,17.223269498769607,0.0,7.0192966537150445,1,4,2021,1,8,2021
78.0,1,1.0,10.0,1000.0,1668701718,1.729562608351697,17.224127116013786,0.0,7.026426808699636,1,4,2021,1,7,2021
39.0,1,1.0,56.0,1255.0,1668701376,3.288439103988449,17.223269498769607,0.0,7.040536390215956,1,4,2021,1,8,2021
78.0,1,0.0,10.0,1500.0,640665,3.9150214079232,17.229782658419744,1.8484548129046001,6.939253946041508,1,4,2021,1,7,2021
39.0,1,1.0,56.0,1250.0,1668701376,3.0775043190605222,17.223269498769607,0.4054651081081644,7.004881989712859,1,4,2021,1,8,2021
78.0,1,1.0,10.0,1000.0,1668701718,2.4160324971465448,17.224127116013786,0.4054651081081644,7.014814351275545,1,4,2021,1,7,2021
39.0,1,1.0,56.0,1050.0,1668701376,3.0838730586471157,17.223269498769607,0.1823215567939546,7.025538314638521,1,4,2021,1,8,2021
78.0,1,0.0,10.0,1500.0,640665,3.9420141378908315,17.229782658419744,1.9459101490553132,6.948897222313312,1,4,2021,1,7,2021
39.0,1,1.0,56.0,1055.0,1668701376,3.7508599650030714,17.223269498769607,0.1823215567939546,7.0192966537150445,1,4,2021,1,8,2021
78.0,0,1.0,10.0,1500.0,1668701718,2.1654803774774707,17.224127116013786,0.0,7.133295954896068,1,4,2021,1,7,2021
39.0,1,1.0,56.0,1155.0,1668701376,3.2495816645446896,17.223269498769607,0.1823215567939546,7.02197642307216,1,4,2021,1,8,2021
78.0,1,0.0,10.0,1500.0,640665,3.516819585735957,17.229782658419744,2.0794415416798357,6.9440872082295275,1,4,2021,1,7,2021
77.0,0,0.0,10.0,1500.0,164141591,3.677654510244118,17.22222575511107,0.0,7.110696122978827,1,4,2021,1,8,2021
78.0,0,1.0,10.0,1500.0,1668701718,2.438387745977886,17.224127116013786,1.3862943611198906,7.078341579557671,1,4,2021,1,7,2021
77.0,0,0.0,10.0,1250.0,164141591,3.6284797044337425,17.22222575511107,-0.2231435513142097,7.130098510125578,1,4,2021,1,8,2021
78.0,1,0.0,10.0,1500.0,640665,3.4225379215159797,17.229782658419744,2.4849066497880004,6.953684210870537,1,4,2021,1,7,2021
78.0,1,1.0,10.0,1500.0,628377,5.39709415208907,17.22221040658372,1.0986122886681098,6.947937068614969,1,4,2021,1,8,2021
78.0,0,1.0,10.0,1500.0,1668701718,2.3313281975961644,17.224127116013786,-0.2231435513142097,7.157735484249907,1,4,2021,1,7,2021
32.0,1,0.0,41.0,1405.0,1668701718,3.952821044141463,17.223675112413627,0.6931471805599453,7.108244139731541,1,4,2021,1,10,2021
78.0,1,0.0,10.0,1500.0,640665,3.4172325707400315,17.229782658419744,2.70805020110221,6.954638864880987,1,4,2021,1,7,2021
32.0,1,0.0,41.0,1050.0,1668701718,4.071983185156052,17.223675112413627,0.1823215567939546,7.151485463904735,1,4,2021,1,10,2021
78.0,0,1.0,10.0,1500.0,1668701718,1.6283374399014992,17.224127116013786,1.0986122886681098,7.076653815443951,1,4,2021,1,7,2021
32.0,1,0.0,41.0,1030.0,1668701718,3.9189862282238517,17.223675112413627,-0.10536051565782628,7.165493475060845,1,4,2021,1,10,2021
78.0,1,0.0,10.0,1550.0,640665,3.250553304234272,17.229782658419744,1.0986122886681098,6.942156705699469,1,4,2021,1,7,2021
32.0,1,0.0,41.0,1285.0,1668701718,4.092205188560019,17.223675112413627,-0.10536051565782628,7.160069207596127,1,4,2021,1,10,2021
78.0,0,1.0,10.0,1500.0,1668701718,1.9726568672502656,17.224127116013786,0.6931471805599453,7.0925737159746784,1,4,2021,1,7,2021
32.0,1,0.0,41.0,1365.0,1668701718,4.023253232654143,17.223675112413627,1.0986122886681098,7.119635638017636,1,4,2021,1,10,2021
78.0,1,0.0,10.0,1550.0,640665,4.041205908486557,17.229782658419744,1.3862943611198906,6.940222469119639,1,4,2021,1,7,2021
32.0,1,0.0,41.0,1405.0,1668701718,4.089134815360281,17.223675112413627,0.6931471805599453,7.1049654482698426,1,4,2021,1,10,2021
30.0,1,0.0,41.0,1064.0,611993,6.664945202498665,17.221811892271877,-1.1394342831883648,7.062611424195877,1,4,2021,1,9,2021
32.0,1,0.0,41.0,1050.0,1668701718,4.02909342474492,17.223675112413627,0.1823215567939546,7.152268856032539,1,4,2021,1,10,2021
78.0,1,0.0,10.0,1550.0,640665,4.076427563809828,17.229782658419744,1.8484548129046001,6.949856455000773,1,4,2021,1,7,2021
32.0,1,0.0,41.0,1030.0,1668701718,3.9608939495728834,17.223675112413627,-0.10536051565782628,7.162397497355718,1,4,2021,1,10,2021
30.0,1,0.0,41.0,1064.0,611993,4.650913446390368,17.221811892271877,-1.1394342831883648,7.057269512799974,1,4,2021,1,9,2021
32.0,1,0.0,41.0,1285.0,1668701718,4.007729137923766,17.223675112413627,-0.10536051565782628,7.156176637480615,1,4,2021,1,10,2021
78.0,1,0.0,10.0,1550.0,640665,4.059155679705316,17.229782658419744,1.9459101490553132,6.948897222313312,1,4,2021,1,7,2021
32.0,1,0.0,41.0,1253.0,1668701718,4.027000586451971,17.223675112413627,1.0986122886681098,7.1204443723924875,1,4,2021,1,10,2021
28.0,1,1.0,10.0,1500.0,1670798778,5.340568369788802,17.221633621844454,0.9162907318741551,6.93537044601511,1,4,2021,1,8,2021
32.0,1,0.0,41.0,1290.0,1668701718,4.062224833880091,17.223675112413627,0.6931471805599453,7.1049654482698426,1,4,2021,1,10,2021
78.0,1,0.0,10.0,1550.0,640665,3.9966754965661972,17.229782658419744,2.0794415416798357,6.9440872082295275,1,4,2021,1,7,2021
32.0,1,0.0,41.0,1450.0,1668701718,4.063919174784044,17.223675112413627,0.1823215567939546,7.149131598557407,1,4,2021,1,10,2021
28.0,1,1.0,10.0,1100.0,1670798778,5.70999631967104,17.221633621844454,1.0986122886681098,6.932447891572509,1,4,2021,1,8,2021
32.0,1,0.0,41.0,1340.0,1668701718,4.070442379118353,17.223675112413627,0.0,7.148345743900068,1,4,2021,1,10,2021
78.0,1,0.0,10.0,1550.0,640665,4.079195975239577,17.229782658419744,2.0794415416798357,6.950814768442584,1,4,2021,1,7,2021
32.0,1,0.0,41.0,1293.0,1668701718,3.931763002919983,17.223675112413627,0.5596157879354227,7.122059881629142,1,4,2021,1,10,2021
32.0,4,0.0,10.0,1400.0,628377,5.03270443717839,17.22353981579047,0.47000362924573563,7.022868086082641,1,4,2021,1,10,2021
32.0,1,0.0,41.0,1050.0,1668701718,3.972591553013627,17.223675112413627,-0.10536051565782628,7.167809184316444,1,4,2021,1,10,2021
78.0,1,0.0,10.0,1550.0,640665,4.035543939106093,17.229782658419744,2.302585092994046,6.951772164398911,1,4,2021,1,7,2021
32.0,1,0.0,41.0,1389.0,1668701718,3.915822117653683,17.223675112413627,0.9162907318741551,7.1252830915107115,1,4,2021,1,10,2021
78.0,1,0.0,10.0,1000.0,1332077137,4.053460934552562,17.229782658419744,-0.6931471805599453,7.075808863978387,1,4,2021,1,7,2021
32.0,1,0.0,41.0,1137.0,1668701718,3.9581688270702893,17.223675112413627,0.4054651081081644,7.126890808898808,1,4,2021,1,10,2021
78.0,1,0.0,10.0,1550.0,640665,4.0913476237181134,17.229782658419744,2.4849066497880004,6.954638864880987,1,4,2021,1,7,2021
32.0,1,0.0,41.0,1420.0,1668701718,4.041700741020459,17.223675112413627,0.4054651081081644,7.119635638017636,1,4,2021,1,10,2021
27.0,1,0.0,10.0,1500.0,628377,5.232216677060619,17.223935325703938,0.13976194237515863,7.014814351275545,1,4,2021,1,8,2021
32.0,1,0.0,41.0,1214.0,1668701718,4.00479081432647,17.223675112413627,0.6418538861723947,7.1252830915107115,1,4,2021,1,10,2021
78.0,1,0.0,10.0,1550.0,640665,3.458941620724847,17.229782658419744,2.70805020110221,6.952728644624869,1,4,2021,1,7,2021
32.0,1,0.0,41.0,1285.0,1668701718,4.020678140442458,17.223675112413627,0.1823215567939546,7.148345743900068,1,4,2021,1,10,2021
78.0,1,0.0,10.0,1600.0,640665,3.2851784096301953,17.229782658419744,1.0986122886681098,6.950814768442584,1,4,2021,1,7,2021
32.0,1,0.0,41.0,1413.0,1668701718,3.932773617166621,17.223675112413627,1.1631508098056809,7.0967213784947605,1,4,2021,1,10,2021
78.0,1,0.0,10.0,1600.0,640665,3.532777850931007,17.229782658419744,1.3862943611198906,6.949856455000773,1,4,2021,1,7,2021
32.0,1,0.0,41.0,1269.0,1668701718,3.97140603589482,17.223675112413627,0.9162907318741551,7.10085190894405,1,4,2021,1,10,2021
78.0,1,0.0,10.0,1600.0,640665,3.549801357500456,17.229782658419744,1.8484548129046001,6.940222469119639,1,4,2021,1,7,2021
32.0,1,0.0,41.0,1373.0,1668701718,3.945331094573104,17.223675112413627,0.4054651081081644,7.124478262493424,1,4,2021,1,10,2021
78.0,1,0.0,10.0,1600.0,640665,3.3876525275572305,17.229782658419744,1.9459101490553132,6.948897222313312,1,4,2021,1,7,2021
32.0,1,0.0,41.0,1301.0,1668701718,3.928196149208466,17.223675112413627,0.4054651081081644,7.1204443723924875,1,4,2021,1,10,2021
78.0,1,0.0,10.0,1600.0,640665,3.4929724770787165,17.229782658419744,2.0794415416798357,6.943122422819428,1,4,2021,1,7,2021
32.0,1,0.0,41.0,1130.0,1668701718,4.000247532270498,17.223675112413627,0.1823215567939546,7.148345743900068,1,4,2021,1,10,2021
78.0,1,0.0,10.0,1600.0,640665,3.23181970779768,17.229782658419744,2.302585092994046,6.953684210870537,1,4,2021,1,7,2021
32.0,1,0.0,41.0,1130.0,1668701718,4.070688796553467,17.223675112413627,-0.10536051565782628,7.157735484249907,1,4,2021,1,10,2021
78.0,1,0.0,10.0,1600.0,640665,3.294298974425426,17.229782658419744,2.4849066497880004,6.952728644624869,1,4,2021,1,7,2021
32.0,1,0.0,41.0,1378.0,1668701718,4.0743715689944695,17.223675112413627,1.0986122886681098,7.113142108707088,1,4,2021,1,10,2021
78.0,1,0.0,10.0,1600.0,640665,3.27698588943381,17.229782658419744,2.70805020110221,6.953684210870537,1,4,2021,1,7,2021
32.0,1,0.0,41.0,1413.0,1668701718,3.9971814300947934,17.223675112413627,0.5596157879354227,7.1276936993473985,1,4,2021,1,10,2021
78.0,1,0.0,10.0,900.0,640665,3.3440234046422774,17.229782658419744,0.5877866649021191,6.966967138613983,1,4,2021,1,7,2021
32.0,1,0.0,41.0,1270.0,1668701718,3.9641473220810237,17.223675112413627,1.0986122886681098,7.116394144093465,1,4,2021,1,10,2021
77.0,3,0.0,4.0,1402.0,1668701718,3.23860295951096,17.224067690099208,-0.5108256237659907,7.234177179749849,1,4,2021,1,9,2021
32.0,1,0.0,41.0,1397.0,1668701718,3.94719991572817,17.223675112413627,1.0986122886681098,7.112327444710911,1,4,2021,1,10,2021
25.0,4,0.0,10.0,1250.0,1668701718,3.5489990519726966,17.223447477832885,0.0,7.1276936993473985,1,4,2021,1,7,2021
32.0,1,0.0,41.0,1269.0,1668701718,4.045840233997683,17.223675112413627,1.0986122886681098,7.113142108707088,1,4,2021,1,10,2021
25.0,4,0.0,10.0,1250.0,1668701718,3.953963776060953,17.223447477832885,0.0,7.143617602704121,1,4,2021,1,7,2021
32.0,1,0.0,41.0,1450.0,1668701718,3.9856386417473257,17.223675112413627,-0.10536051565782628,7.160069207596127,1,4,2021,1,10,2021
25.0,4,0.0,10.0,1226.0,1668701718,3.452252472598183,17.223447477832885,0.0,7.138866999945524,1,4,2021,1,7,2021
32.0,1,0.0,41.0,1570.0,1668701718,4.077636392399986,17.223675112413627,-0.10536051565782628,7.152268856032539,1,4,2021,1,10,2021
25.0,1,1.0,26.0,1216.0,1670798778,0.884653505849534,17.223530479747655,0.6931471805599453,6.954638864880987,1,4,2021,1,7,2021
32.0,1,0.0,41.0,1330.0,1668701718,3.975427040342011,17.223675112413627,-0.10536051565782628,7.152268856032539,1,4,2021,1,10,2021
25.0,1,1.0,26.0,1318.0,1670798778,1.3896371996043209,17.223530479747655,0.6931471805599453,6.956545443151569,1,4,2021,1,7,2021
32.0,1,0.0,41.0,1130.0,1668701718,4.040097692603063,17.223675112413627,0.1823215567939546,7.149131598557407,1,4,2021,1,10,2021
25.0,1,1.0,26.0,1146.0,1670798778,0.38077964510890117,17.223530479747655,0.9162907318741551,6.943122422819428,1,4,2021,1,7,2021
32.0,1,0.0,41.0,1378.0,1668701718,4.060079525183273,17.223675112413627,1.0986122886681098,7.114769448366463,1,4,2021,1,10,2021
25.0,1,1.0,26.0,1510.0,1670798778,2.003639211084291,17.223530479747655,0.9162907318741551,6.939253946041508,1,4,2021,1,7,2021
32.0,1,0.0,41.0,1330.0,1668701718,4.065098299921527,17.223675112413627,0.1823215567939546,7.145196134997171,1,4,2021,1,10,2021
25.0,1,1.0,26.0,1526.0,1670798778,0.92438721710006,17.223530479747655,0.9162907318741551,6.942156705699469,1,4,2021,1,7,2021
32.0,1,0.0,41.0,1197.0,1668701718,3.950840105217434,17.223675112413627,0.9162907318741551,7.104144092987527,1,4,2021,1,10,2021
25.0,1,1.0,26.0,1172.0,1670798778,1.6887057059699857,17.223530479747655,1.252762968495368,6.92951677076365,1,4,2021,1,7,2021
32.0,1,0.0,41.0,1197.0,1668701718,3.957237862750714,17.223675112413627,0.9162907318741551,7.123672785204607,1,4,2021,1,10,2021
25.0,1,1.0,26.0,1174.0,1670798778,2.172369272978927,17.223530479747655,1.252762968495368,6.93537044601511,1,4,2021,1,7,2021
32.0,1,0.0,41.0,1197.0,1668701718,3.9732125227199075,17.223675112413627,1.0986122886681098,7.10085190894405,1,4,2021,1,10,2021
25.0,1,1.0,26.0,1122.0,1670798778,1.6497297670950495,17.223530479747655,1.0986122886681098,6.950814768442584,1,4,2021,1,7,2021
32.0,1,0.0,41.0,1197.0,1668701718,4.029737754308596,17.223675112413627,1.0986122886681098,7.112327444710911,1,4,2021,1,10,2021
25.0,1,1.0,26.0,1280.0,1670798778,0.1867475951845452,17.223530479747655,0.5596157879354227,6.93537044601511,1,4,2021,1,7,2021
32.0,1,0.0,41.0,1465.0,1668701718,3.9959881105561808,17.223675112413627,1.0986122886681098,7.111512116496157,1,4,2021,1,10,2021
25.0,1,1.0,26.0,1306.0,1670798778,0.24216590957378087,17.223530479747655,0.5596157879354227,6.93537044601511,1,4,2021,1,7,2021
32.0,1,0.0,41.0,1465.0,1668701718,3.9853008838922688,17.223675112413627,1.0986122886681098,7.134890851565884,1,4,2021,1,10,2021
25.0,1,1.0,26.0,1250.0,1670798778,6.664945202498665,17.223530479747655,0.4054651081081644,6.952728644624869,1,4,2021,1,7,2021
32.0,1,0.0,41.0,1173.0,1668701718,4.069383175840289,17.223675112413627,1.0986122886681098,7.1204443723924875,1,4,2021,1,10,2021
25.0,1,1.0,26.0,1062.0,1670798778,6.0089753649197855,17.223530479747655,0.4054651081081644,6.99117688712121,1,4,2021,1,7,2021
32.0,1,0.0,41.0,1173.0,1668701718,4.047421853596633,17.223675112413627,1.0986122886681098,7.134890851565884,1,4,2021,1,10,2021
25.0,1,1.0,26.0,1135.0,1670798778,6.0021971048626925,17.223530479747655,0.4054651081081644,6.981934677156389,1,4,2021,1,7,2021
32.0,1,0.0,41.0,1037.0,1668701718,3.015971288462382,17.223675112413627,0.5596157879354227,7.1316985104669115,1,4,2021,1,10,2021
25.0,1,1.0,26.0,1155.0,1670798778,5.995386823166494,17.223530479747655,0.4054651081081644,6.98100574072173,1,4,2021,1,7,2021
32.0,1,0.0,41.0,1017.0,1668701718,3.6915787315345594,17.223675112413627,0.9162907318741551,7.107425474110705,1,4,2021,1,10,2021
25.0,1,1.0,26.0,1086.0,1670798778,2.014243284964599,17.223530479747655,0.9162907318741551,6.9440872082295275,1,4,2021,1,7,2021
32.0,1,0.0,41.0,1205.0,1668701718,4.0186175430675535,17.223675112413627,0.6931471805599453,7.1049654482698426,1,4,2021,1,10,2021
25.0,1,1.0,26.0,1174.0,1670798778,2.104201096907548,17.223530479747655,0.9162907318741551,6.9440872082295275,1,4,2021,1,7,2021
32.0,1,0.0,41.0,1540.0,1668701718,4.09142018924191,17.223675112413627,-0.10536051565782628,7.155396301896734,1,4,2021,1,10,2021
25.0,1,1.0,26.0,1010.0,1670798778,0.33562825342471264,17.223530479747655,0.5596157879354227,6.967909201801884,1,4,2021,1,7,2021
32.0,1,0.0,41.0,1538.0,1668701718,3.9884348209526816,17.223675112413627,1.1631508098056809,7.111512116496157,1,4,2021,1,10,2021
25.0,1,1.0,26.0,1146.0,1670798778,0.1867475951845452,17.223530479747655,1.3862943611198906,6.931471805599453,1,4,2021,1,7,2021
32.0,1,0.0,41.0,1418.0,1668701718,4.051772609466318,17.223675112413627,1.1631508098056809,7.098375638590786,1,4,2021,1,10,2021
28.0,1,1.0,10.0,1000.0,611993,3.8858810154376164,17.225724402217104,-0.2231435513142097,7.105786129481271,1,4,2021,1,8,2021
32.0,1,0.0,41.0,1285.0,1668701718,4.001757741839163,17.223675112413627,0.6931471805599453,7.108244139731541,1,4,2021,1,10,2021
28.0,1,1.0,10.0,1250.0,611993,3.9622369697985587,17.225724402217104,-0.2231435513142097,7.098375638590786,1,4,2021,1,8,2021
27.0,1,0.0,10.0,1500.0,628377,3.335952712238337,17.223430691207234,-0.2231435513142097,7.01301578963963,1,4,2021,1,8,2021
28.0,1,1.0,10.0,1250.0,611993,1.3485740101201946,17.225724402217104,-0.2231435513142097,7.083387847625295,1,4,2021,1,8,2021
27.0,1,0.0,10.0,1000.0,628377,3.459656079950939,17.223430691207234,-0.5108256237659907,6.99117688712121,1,4,2021,1,8,2021
28.0,1,1.0,10.0,1000.0,611993,1.6031182089081346,17.225724402217104,-0.2231435513142097,7.097548850614793,1,4,2021,1,8,2021
27.0,1,0.0,10.0,1250.0,628377,3.3029327465162868,17.223430691207234,-0.5108256237659907,6.9865664594064265,1,4,2021,1,8,2021
28.0,1,1.0,10.0,1250.0,611993,2.2329237289014077,17.225724402217104,0.0,7.078341579557671,1,4,2021,1,8,2021
27.0,1,0.0,10.0,1250.0,628377,3.5325377132061777,17.223430691207234,0.0,6.977281341630747,1,4,2021,1,8,2021
28.0,1,1.0,10.0,1500.0,611993,1.9182684150065827,17.225724402217104,0.6931471805599453,7.069874128458572,1,4,2021,1,8,2021
27.0,1,0.0,10.0,1250.0,628377,3.2375904640493096,17.223430691207234,0.6931471805599453,6.963189985870238,1,4,2021,1,8,2021
28.0,1,1.0,10.0,1500.0,611993,0.1867475951845452,17.225724402217104,0.0,7.085064293952548,1,4,2021,1,8,2021
28.0,1,1.0,10.0,1730.0,640665,4.395418439085478,17.223444299321844,1.6094379124341003,6.860663671448287,1,4,2021,1,8,2021
28.0,1,1.0,10.0,1000.0,611993,2.3300561630696754,17.225724402217104,0.0,7.085901464365611,1,4,2021,1,8,2021
77.0,1,1.0,15.0,1500.0,640665,5.213702850064645,17.223844811462353,2.301584592660462,6.802394763324311,1,4,2021,1,5,2021
28.0,1,1.0,10.0,1250.0,611993,1.2058649010813751,17.225724402217104,-0.5108256237659907,7.133295954896068,1,4,2021,1,8,2021
77.0,1,1.0,15.0,1500.0,640665,3.49930586196302,17.223844811462353,2.4840729690394228,6.799055862058796,1,4,2021,1,5,2021
28.0,1,1.0,10.0,1000.0,611993,1.8481444822373345,17.225724402217104,-0.5108256237659907,7.140453043101158,1,4,2021,1,8,2021
77.0,1,1.0,15.0,1500.0,640405,0.1867475951845452,17.223844811462353,2.70805020110221,6.841615476477592,1,4,2021,1,5,2021
28.0,1,1.0,10.0,1250.0,611993,2.2534366780754764,17.225724402217104,-0.2231435513142097,7.095893221097532,1,4,2021,1,8,2021
30.0,4,0.0,10.0,1250.0,1668701718,3.8505971706388022,17.229818897973214,1.6094379124341003,6.93828448401696,1,4,2021,1,9,2021
28.0,1,1.0,10.0,1500.0,611993,1.703583452126519,17.225724402217104,-0.2231435513142097,7.093404625868766,1,4,2021,1,8,2021
30.0,4,0.0,10.0,1500.0,1668701718,3.381818834971083,17.229818897973214,0.0,6.93828448401696,1,4,2021,1,9,2021
28.0,1,1.0,10.0,1250.0,611993,1.660298812482691,17.225724402217104,-0.5108256237659907,7.343426229147367,1,4,2021,1,8,2021
30.0,4,0.0,10.0,1500.0,1668701718,3.2990208306937183,17.229818897973214,0.1823215567939546,6.946975992135418,1,4,2021,1,9,2021
28.0,1,1.0,10.0,1000.0,611993,1.992582818492567,17.225724402217104,-0.6931471805599453,7.177782416195197,1,4,2021,1,8,2021
27.0,1,0.0,27.0,1344.0,628377,5.836867341561285,17.22560742150146,0.04879016416943204,6.985641817639208,1,4,2021,1,8,2021
28.0,1,1.0,10.0,1000.0,611993,2.2090500187072815,17.225724402217104,-0.5108256237659907,7.147559271189454,1,4,2021,1,8,2021
39.0,0,1.0,10.0,1200.0,640665,3.2975243950296442,17.22208200675849,2.0794415416798357,6.9957661563048505,1,4,2021,1,9,2021
28.0,1,1.0,10.0,1250.0,611993,3.9592431966919546,17.225724402217104,-0.5108256237659907,7.134093721192866,1,4,2021,1,8,2021
39.0,0,1.0,10.0,1200.0,640665,3.097088188742162,17.22208200675849,2.4849066497880004,7.00033446027523,1,4,2021,1,9,2021
28.0,1,1.0,10.0,1000.0,611993,3.8305495031560244,17.225724402217104,-0.5108256237659907,7.147559271189454,1,4,2021,1,8,2021
39.0,0,1.0,10.0,1200.0,1670798778,3.131183381532803,17.22208200675849,0.6931471805599453,7.035268599281097,1,4,2021,1,9,2021
28.0,1,1.0,10.0,1250.0,611993,0.7248846146548344,17.225724402217104,-0.2231435513142097,7.097548850614793,1,4,2021,1,8,2021
39.0,0,1.0,10.0,1200.0,1670798778,3.3993527012850198,17.22208200675849,1.6094379124341003,7.028201432058005,1,4,2021,1,9,2021
28.0,1,1.0,10.0,1000.0,611993,4.139672552199349,17.225724402217104,-0.2231435513142097,7.109062135687172,1,4,2021,1,8,2021
39.0,0,1.0,10.0,1200.0,1670798778,3.148571532129894,17.22208200675849,2.0794415416798357,7.040536390215956,1,4,2021,1,9,2021
28.0,1,1.0,10.0,1500.0,611993,3.610854659292422,17.225724402217104,-0.2231435513142097,7.095893221097532,1,4,2021,1,8,2021
39.0,0,1.0,10.0,1200.0,628377,3.1378531891886747,17.22208200675849,0.0,7.135687347028144,1,4,2021,1,9,2021
28.0,1,1.0,10.0,1000.0,611993,1.4389023111189374,17.225724402217104,-0.5978370007556204,7.1592919047975645,1,4,2021,1,8,2021
39.0,0,1.0,10.0,1200.0,628377,3.1005131800208585,17.22208200675849,0.6931471805599453,7.132497551660044,1,4,2021,1,9,2021
28.0,1,1.0,10.0,1250.0,611993,1.4475660989233683,17.225724402217104,-0.5978370007556204,7.152268856032539,1,4,2021,1,8,2021
39.0,0,1.0,10.0,1200.0,628377,3.0829662268966667,17.22208200675849,0.1823215567939546,7.138866999945524,1,4,2021,1,9,2021
28.0,1,1.0,10.0,1100.0,611993,2.3098076772237968,17.225724402217104,-0.7985076962177716,7.198931240688173,1,4,2021,1,8,2021
28.0,1,0.0,10.0,1500.0,628377,5.724250235603903,17.221904679817747,0.0,6.963189985870238,1,4,2021,1,9,2021
28.0,1,1.0,10.0,1250.0,611993,2.0171023937468924,17.225724402217104,-0.6931471805599453,7.205635176410364,1,4,2021,1,8,2021
28.0,1,0.0,10.0,2000.0,628377,5.704072926470989,17.221904679817747,0.6931471805599453,7.029972911706386,1,4,2021,1,9,2021
28.0,1,1.0,10.0,1250.0,611993,2.225120171755658,17.225724402217104,-0.5108256237659907,7.145196134997171,1,4,2021,1,8,2021
28.0,1,0.0,10.0,1500.0,628377,5.719965691808943,17.221904679817747,0.6931471805599453,6.966967138613983,1,4,2021,1,9,2021
28.0,1,1.0,10.0,1000.0,611993,1.6632600284053685,17.225724402217104,-0.5108256237659907,7.149131598557407,1,4,2021,1,8,2021
28.0,1,0.0,10.0,1500.0,628377,5.303897465795392,17.221904679817747,0.6931471805599453,6.983789965258135,1,4,2021,1,9,2021
28.0,1,1.0,10.0,1500.0,611993,1.1921491634597172,17.225724402217104,-0.35667494393873245,7.094234845924755,1,4,2021,1,8,2021
28.0,1,0.0,10.0,1500.0,628377,5.339785977246984,17.221904679817747,0.0,6.97914527506881,1,4,2021,1,9,2021
28.0,1,1.0,10.0,1250.0,611993,1.1226328543473238,17.225724402217104,0.0,7.074116816197362,1,4,2021,1,8,2021
38.0,0,0.0,42.0,1500.0,640405,3.0690219231874383,17.226029723150123,1.791759469228055,6.878326468291325,1,4,2021,1,8,2021
28.0,1,1.0,10.0,1250.0,611993,2.0475641761202388,17.225724402217104,-0.5108256237659907,7.147559271189454,1,4,2021,1,8,2021
38.0,0,0.0,42.0,1500.0,640405,3.0497633491710205,17.226029723150123,2.4849066497880004,6.885509670034818,1,4,2021,1,8,2021
28.0,1,1.0,10.0,1250.0,611993,2.172461303888317,17.225724402217104,-0.6931471805599453,7.164720378771857,1,4,2021,1,8,2021
38.0,0,0.0,42.0,1500.0,640405,3.169457202500278,17.226029723150123,1.791759469228055,6.899723107284872,1,4,2021,1,8,2021
28.0,1,1.0,10.0,1500.0,611993,1.5379967702338873,17.225724402217104,-0.2231435513142097,7.086737934510577,1,4,2021,1,8,2021
38.0,0,0.0,42.0,1500.0,640405,3.3500958046851212,17.226029723150123,2.4849066497880004,6.904750769961838,1,4,2021,1,8,2021
28.0,1,1.0,10.0,1500.0,611993,2.1094155163418873,17.225724402217104,0.22314355131420976,7.060476365999801,1,4,2021,1,8,2021
77.0,3,0.0,4.0,1000.0,164141591,4.63256215788142,17.224067690099208,-0.916290731874155,7.181591944611865,1,4,2021,1,9,2021
28.0,1,1.0,10.0,1500.0,611993,2.366736074360279,17.225724402217104,-0.6931471805599453,7.144407180321139,1,4,2021,1,8,2021
77.0,3,0.0,4.0,1420.0,164141591,4.642555263469543,17.224067690099208,-0.916290731874155,7.175489713624222,1,4,2021,1,9,2021
28.0,1,1.0,10.0,1000.0,611993,2.191989710967909,17.225724402217104,-0.5108256237659907,7.160845906664299,1,4,2021,1,8,2021
77.0,3,0.0,4.0,1230.0,164141591,4.680394198066084,17.224067690099208,-0.6931471805599453,7.1592919047975645,1,4,2021,1,9,2021
28.0,1,1.0,10.0,1000.0,611993,1.006423585150313,17.225724402217104,-0.10536051565782628,7.094234845924755,1,4,2021,1,8,2021
77.0,3,0.0,4.0,1210.0,164141591,4.65194599890407,17.224067690099208,-0.916290731874155,7.170119543449628,1,4,2021,1,9,2021
28.0,1,1.0,10.0,1250.0,611993,0.892286799249289,17.225724402217104,-0.2231435513142097,7.086737934510577,1,4,2021,1,8,2021
77.0,3,0.0,4.0,1250.0,164141591,4.653213317865035,17.224067690099208,-0.6931471805599453,7.1569563646156364,1,4,2021,1,9,2021
28.0,1,1.0,10.0,1000.0,611993,2.2698931277495125,17.225724402217104,0.0,7.232010331664759,1,4,2021,1,8,2021
77.0,3,0.0,4.0,1114.0,164141591,4.659802361851989,17.224067690099208,-0.6931471805599453,7.150701457592526,1,4,2021,1,9,2021
28.0,1,1.0,10.0,1250.0,611993,2.095549049688487,17.225724402217104,0.09531017980432493,7.246368080102461,1,4,2021,1,8,2021
25.0,0,1.0,10.0,1268.0,611993,5.950942826511416,17.223447477832885,-0.5108256237659907,7.27931883541462,1,4,2021,1,9,2021
28.0,1,1.0,10.0,1250.0,611993,1.3707802601402461,17.225724402217104,0.09531017980432493,7.258412150595307,1,4,2021,1,8,2021
25.0,0,1.0,10.0,1188.0,611993,5.930073214240608,17.223447477832885,-0.5108256237659907,7.274479558773871,1,4,2021,1,9,2021
28.0,1,1.0,10.0,1250.0,611993,4.648212795995736,17.225724402217104,-0.5108256237659907,7.1308988302963465,1,4,2021,1,8,2021
77.0,1,0.0,15.0,2000.0,640405,4.049389347948299,17.22773666570009,2.0794415416798357,6.825460036255307,1,4,2021,1,5,2021
28.0,1,1.0,10.0,1000.0,611993,2.2290003566209124,17.225724402217104,-0.5978370007556204,7.393239705191865,1,4,2021,1,8,2021
39.0,0,0.0,41.0,1270.0,1668701718,6.0068589663889735,17.22395604188824,0.0,7.104144092987527,1,4,2021,1,8,2021
28.0,1,1.0,10.0,1250.0,611993,1.6495730600570202,17.225724402217104,-0.5978370007556204,7.393239705191865,1,4,2021,1,8,2021
39.0,0,0.0,41.0,1450.0,1668701718,4.081010881142333,17.22395604188824,0.0,7.0707241072602764,1,4,2021,1,8,2021
32.0,0,0.0,19.0,1500.0,1671863738,3.1938087600093286,17.229818897973214,1.0986122886681098,6.92461239604856,1,4,2021,1,4,2021
39.0,0,0.0,41.0,1500.0,1668701718,5.998769494641842,17.22395604188824,0.0,7.1049654482698426,1,4,2021,1,8,2021
40.0,1,0.0,20.0,1500.0,1693867550,3.0881112347132134,17.226158310536952,-0.35667494393873245,7.173958319756794,1,4,2021,1,11,2021
39.0,0,0.0,41.0,1200.0,1668701718,4.690061005016454,17.22395604188824,0.1823215567939546,7.069023426578259,1,4,2021,1,8,2021
25.0,4,0.0,10.0,1820.0,1670798778,3.959725802437651,17.223545344540693,1.0986122886681098,6.877296071497429,1,4,2021,1,7,2021
39.0,0,0.0,41.0,1200.0,1668701718,4.613102077201436,17.22395604188824,0.4054651081081644,7.05617528410041,1,4,2021,1,8,2021
25.0,4,0.0,10.0,1585.0,1670798778,3.9175250199483824,17.223545344540693,0.6931471805599453,6.884486652042782,1,4,2021,1,7,2021
39.0,0,0.0,41.0,1000.0,1668701718,4.6311335508307065,17.22395604188824,0.6931471805599453,7.044905117129371,1,4,2021,1,8,2021
25.0,4,0.0,10.0,1764.0,1670798778,4.012282473637378,17.223545344540693,1.0986122886681098,6.877296071497429,1,4,2021,1,7,2021
39.0,5,0.0,41.0,1200.0,1668701718,4.62674708930563,17.22395604188824,0.6931471805599453,7.035268599281097,1,4,2021,1,8,2021
25.0,4,0.0,10.0,1600.0,1670798778,4.093948041117997,17.223545344540693,1.0986122886681098,6.876264611890766,1,4,2021,1,7,2021
39.0,0,0.0,41.0,1000.0,1668701718,4.62320599357323,17.22395604188824,1.0986122886681098,7.030857476116121,1,4,2021,1,8,2021
25.0,4,0.0,10.0,1440.0,1670798778,3.9884259341818624,17.223545344540693,1.0986122886681098,6.874198495453294,1,4,2021,1,7,2021
39.0,0,0.0,41.0,1200.0,1668701718,5.712105571060102,17.22395604188824,1.0986122886681098,7.033506484287697,1,4,2021,1,8,2021
25.0,4,0.0,10.0,1410.0,1670798778,3.9155262233882664,17.223545344540693,1.0986122886681098,6.879355804460439,1,4,2021,1,7,2021
39.0,0,0.0,41.0,1200.0,1668701718,5.880778894151738,17.22395604188824,1.3862943611198906,7.0317412587631285,1,4,2021,1,8,2021
25.0,4,0.0,10.0,1510.0,1670798778,4.023376966177968,17.223545344540693,0.6931471805599453,6.878326468291325,1,4,2021,1,7,2021
39.0,0,0.0,41.0,1000.0,1668701718,4.055711506857485,17.22395604188824,0.0,7.071573364211532,1,4,2021,1,8,2021
25.0,4,0.0,10.0,1154.0,1670798778,3.9634322569824043,17.223545344540693,0.6931471805599453,6.879355804460439,1,4,2021,1,7,2021
39.0,0,0.0,41.0,1200.0,1668701718,3.9674745008224335,17.22395604188824,0.0,7.072421900537371,1,4,2021,1,8,2021
25.0,4,0.0,10.0,1440.0,1670798778,3.9235910868189676,17.223545344540693,0.4054651081081644,6.90875477931522,1,4,2021,1,7,2021
39.0,0,0.0,41.0,1000.0,1668701718,5.301609368458794,17.22395604188824,0.9162907318741551,7.042286171939743,1,4,2021,1,8,2021
25.0,4,0.0,41.0,1020.0,1668701718,3.228169690790458,17.2233978124435,1.791759469228055,7.091742115095153,1,4,2021,1,7,2021
39.0,0,0.0,41.0,1200.0,1668701718,5.307725586129003,17.22395604188824,0.9162907318741551,7.036148493750536,1,4,2021,1,8,2021
32.0,1,1.0,42.0,1370.0,611993,4.231331279393643,17.223948629117604,-0.5621189181535413,7.217443431696533,1,4,2021,1,7,2021
39.0,0,0.0,41.0,1200.0,1668701718,4.637508249686519,17.22395604188824,1.252762968495368,7.033506484287697,1,4,2021,1,8,2021
32.0,1,1.0,42.0,1304.0,611993,4.237042475919628,17.223948629117604,-0.7550225842780328,7.241366283322318,1,4,2021,1,7,2021
39.0,0,0.0,41.0,1250.0,1668701718,4.001126871667681,17.22395604188824,-0.5108256237659907,7.118826249062078,1,4,2021,1,8,2021
32.0,1,1.0,42.0,1142.0,611993,4.151376594566985,17.223948629117604,-0.5621189181535413,7.213768308118642,1,4,2021,1,7,2021
39.0,0,0.0,41.0,1000.0,1668701718,3.986381936788972,17.22395604188824,0.5596157879354227,7.057036981697891,1,4,2021,1,8,2021
32.0,1,1.0,42.0,1230.0,611993,4.192186006127192,17.223948629117604,-0.5621189181535413,7.21890970761906,1,4,2021,1,7,2021
39.0,0,0.0,41.0,1200.0,1668701718,4.615179001269626,17.22395604188824,0.5596157879354227,7.047517221357296,1,4,2021,1,8,2021
32.0,1,1.0,42.0,1142.0,611993,4.240015923449813,17.223948629117604,-0.7550225842780328,7.2399325913204695,1,4,2021,1,7,2021
39.0,0,0.0,41.0,1200.0,1668701718,5.307076396995465,17.22395604188824,0.8109302162163288,7.042286171939743,1,4,2021,1,8,2021
32.0,1,1.0,42.0,1222.0,611993,4.173805023807892,17.223948629117604,-0.7550225842780328,7.23561914106675,1,4,2021,1,7,2021
39.0,0,0.0,41.0,1250.0,1668701718,3.9699253924291966,17.22395604188824,0.8109302162163288,7.037905963447182,1,4,2021,1,8,2021
32.0,1,1.0,42.0,1000.0,611993,4.183334401749476,17.223948629117604,-0.6931471805599453,7.247792581767846,1,4,2021,1,7,2021
39.0,0,0.0,41.0,1200.0,1668701718,5.01456854338643,17.22395604188824,1.0116009116784799,7.039660349862076,1,4,2021,1,8,2021
32.0,1,1.0,42.0,970.0,611993,4.140594596801752,17.223948629117604,-1.7147984280919266,7.393239705191865,1,4,2021,1,7,2021
39.0,0,0.0,41.0,1200.0,1668701718,3.970227051826004,17.22395604188824,-0.16251892949777494,7.098375638590786,1,4,2021,1,8,2021
32.0,1,1.0,42.0,1140.0,611993,4.26174918224826,17.223948629117604,-0.5621189181535413,7.393239705191865,1,4,2021,1,7,2021
39.0,0,0.0,41.0,990.0,1668701718,5.035322796429668,17.22395604188824,1.6094379124341003,7.087573705557973,1,4,2021,1,8,2021
32.0,0,1.0,20.0,1013.0,611993,4.721392755861912,17.229818897973214,0.0,7.2196420401307355,1,4,2021,1,7,2021
39.0,0,0.0,41.0,980.0,1668701718,5.3347279359047555,17.22395604188824,1.791759469228055,7.103322062526113,1,4,2021,1,8,2021
32.0,0,1.0,20.0,1005.0,611993,4.716268564580496,17.229818897973214,-0.6931471805599453,7.393239705191865,1,4,2021,1,7,2021
39.0,0,0.0,41.0,1000.0,1668701718,5.994406431020869,17.22395604188824,0.6931471805599453,7.10085190894405,1,4,2021,1,8,2021
32.0,0,1.0,20.0,1005.0,611993,4.705192010360012,17.229818897973214,-0.6931471805599453,7.359467638255621,1,4,2021,1,7,2021
39.0,0,0.0,41.0,1000.0,1668701718,5.530147140760584,17.22395604188824,1.0986122886681098,7.097548850614793,1,4,2021,1,8,2021
32.0,0,1.0,20.0,1175.0,611993,4.687996713698058,17.229818897973214,-0.5108256237659907,7.382746449738912,1,4,2021,1,7,2021
39.0,0,0.0,41.0,1000.0,1668701718,5.551437147920132,17.22395604188824,1.3862943611198906,7.0925737159746784,1,4,2021,1,8,2021
32.0,0,1.0,20.0,879.0,611993,4.731609434960592,17.229818897973214,-0.7985076962177716,7.393239705191865,1,4,2021,1,7,2021
39.0,0,0.0,41.0,1000.0,1668701718,4.676660577407423,17.22395604188824,0.0,7.13966033596492,1,4,2021,1,8,2021
32.0,0,1.0,20.0,900.0,611993,4.681134184872374,17.229818897973214,0.47000362924573563,7.199678345691172,1,4,2021,1,7,2021
39.0,0,0.0,41.0,990.0,1668701718,5.054494877189515,17.22395604188824,1.5040773967762742,7.091742115095153,1,4,2021,1,8,2021
32.0,0,1.0,20.0,890.0,611993,4.6530153113680495,17.229818897973214,-0.2231435513142097,7.268920128193722,1,4,2021,1,7,2021
39.0,0,0.0,41.0,1000.0,1668701718,6.009540390743584,17.22395604188824,0.9162907318741551,7.10085190894405,1,4,2021,1,8,2021
32.0,0,1.0,20.0,770.0,611993,4.707419002226971,17.229818897973214,-0.2231435513142097,7.289610521451167,1,4,2021,1,7,2021
39.0,0,0.0,41.0,1000.0,1668701718,5.5282271245702805,17.22395604188824,1.252762968495368,7.094234845924755,1,4,2021,1,8,2021
32.0,0,1.0,20.0,880.0,611993,4.732705329992574,17.229818897973214,-0.2231435513142097,7.270312886079025,1,4,2021,1,7,2021
39.0,0,0.0,41.0,990.0,1668701718,5.070733147547535,17.22395604188824,1.4469189829363254,7.0925737159746784,1,4,2021,1,8,2021
32.0,0,1.0,20.0,940.0,611993,4.659683286681466,17.229818897973214,-0.2231435513142097,7.2456550675945355,1,4,2021,1,7,2021
39.0,0,0.0,41.0,1200.0,1668701718,4.019937405804409,17.22395604188824,0.9162907318741551,7.097548850614793,1,4,2021,1,8,2021
32.0,0,1.0,20.0,1378.0,611993,4.692806189024915,17.229818897973214,-0.5108256237659907,7.27931883541462,1,4,2021,1,7,2021
39.0,0,0.0,41.0,1000.0,1668701718,5.525271508331582,17.22395604188824,0.4054651081081644,7.122866658599083,1,4,2021,1,8,2021
32.0,0,1.0,20.0,1500.0,611993,4.682184534036715,17.229818897973214,-0.2231435513142097,7.227662498728654,1,4,2021,1,7,2021
39.0,0,0.0,41.0,1000.0,1668701718,6.01587954921691,17.22395604188824,0.8109302162163288,7.105786129481271,1,4,2021,1,8,2021
28.0,1,1.0,10.0,1610.0,640665,5.408045197983845,17.223444299321844,0.6931471805599453,6.873163834212518,1,4,2021,1,9,2021
39.0,0,0.0,41.0,1000.0,1668701718,5.5368929121554915,17.22395604188824,1.0116009116784799,7.101675971619444,1,4,2021,1,8,2021
32.0,1,0.0,41.0,1268.0,611993,3.1130892371212187,17.225569162765556,-0.030459207484708574,7.393239705191865,1,4,2021,1,9,2021
39.0,0,0.0,41.0,1000.0,1668701718,5.54986048689914,17.22395604188824,1.1786549963416462,7.094234845924755,1,4,2021,1,8,2021
32.0,1,1.0,66.0,1500.0,640405,2.506018530748548,17.223962958218433,1.3862943611198906,6.872128101338986,1,4,2021,1,7,2021
39.0,0,0.0,41.0,1000.0,1668701718,5.025044579908665,17.22395604188824,1.3217558399823195,7.0967213784947605,1,4,2021,1,8,2021
32.0,1,1.0,66.0,1350.0,640405,2.7939370997140482,17.223962958218433,1.0986122886681098,6.9930151229329605,1,4,2021,1,7,2021
39.0,0,0.0,41.0,1000.0,1668701718,5.541177298694209,17.22395604188824,0.22314355131420976,7.1276936993473985,1,4,2021,1,8,2021
32.0,1,1.0,66.0,1250.0,640405,2.590163672590626,17.223962958218433,1.3862943611198906,6.877296071497429,1,4,2021,1,7,2021
39.0,0,0.0,41.0,1000.0,1668701718,5.859900301523253,17.22395604188824,0.5596157879354227,7.115582126184454,1,4,2021,1,8,2021
32.0,1,1.0,66.0,1300.0,640405,2.0570479235690664,17.223962958218433,1.0986122886681098,7.00033446027523,1,4,2021,1,7,2021
77.0,0,0.0,15.0,1500.0,640405,4.020035889185714,17.22773666570009,2.4849066497880004,6.92461239604856,1,4,2021,1,7,2021
32.0,1,1.0,66.0,1250.0,640405,2.11097062276313,17.223962958218433,0.6931471805599453,7.005789019253503,1,4,2021,1,7,2021
25.0,4,0.0,10.0,1500.0,1668701718,3.953754933800997,17.22166496657572,0.4054651081081644,7.090076835776092,1,4,2021,1,9,2021
32.0,1,1.0,66.0,1250.0,640405,2.3431823131344323,17.223962958218433,1.0986122886681098,7.00033446027523,1,4,2021,1,7,2021
25.0,4,0.0,10.0,1500.0,1668701718,3.3348980119402594,17.22166496657572,0.0,7.113142108707088,1,4,2021,1,9,2021
32.0,1,1.0,66.0,1250.0,640405,2.1121544787246105,17.223962958218433,0.9162907318741551,6.9975959829819265,1,4,2021,1,7,2021
77.0,1,0.0,15.0,1250.0,164141591,5.7352754327199476,17.2260934245155,-0.579818495252942,7.02108396428914,1,4,2021,1,10,2021
32.0,1,1.0,66.0,1250.0,640405,2.6172212219700515,17.223962958218433,1.252762968495368,6.994849985833071,1,4,2021,1,7,2021
78.0,1,1.0,10.0,1500.0,1670798778,0.7277359428689667,17.227659485268372,0.6931471805599453,6.858565034791365,1,4,2021,1,7,2021
32.0,1,1.0,66.0,1250.0,640405,2.5850721205374465,17.223962958218433,1.252762968495368,6.996681488176539,1,4,2021,1,7,2021
78.0,1,1.0,10.0,1500.0,1670798778,3.2912472241373925,17.227659485268372,1.0986122886681098,6.856461984594587,1,4,2021,1,7,2021
32.0,1,1.0,66.0,1300.0,640405,2.662055605886021,17.223962958218433,0.9162907318741551,7.01571242048723,1,4,2021,1,7,2021
78.0,1,1.0,10.0,1530.0,1670798778,0.7531716406683071,17.227659485268372,1.0986122886681098,6.853299093186078,1,4,2021,1,7,2021
32.0,1,1.0,66.0,1500.0,640405,2.8357280407309724,17.223962958218433,1.3862943611198906,6.9975959829819265,1,4,2021,1,7,2021
78.0,1,1.0,10.0,1500.0,1670798778,1.6440723473652292,17.227659485268372,1.3862943611198906,6.85751406254539,1,4,2021,1,7,2021
32.0,1,1.0,66.0,1500.0,640405,2.1645301469113774,17.223962958218433,1.3862943611198906,6.993932975223189,1,4,2021,1,7,2021
78.0,1,1.0,10.0,1500.0,1670798778,2.1316164631137773,17.227659485268372,1.6094379124341003,6.855408798609928,1,4,2021,1,7,2021
32.0,1,1.0,66.0,1500.0,640405,2.8577003527281932,17.223962958218433,1.791759469228055,6.93828448401696,1,4,2021,1,7,2021
78.0,1,1.0,10.0,1500.0,1670798778,1.2396205364008435,17.227659485268372,1.791759469228055,6.854354502255021,1,4,2021,1,7,2021
32.0,1,1.0,66.0,1500.0,640405,2.4223151439853265,17.223962958218433,1.9459101490553132,6.993932975223189,1,4,2021,1,7,2021
78.0,1,1.0,10.0,1250.0,1670798778,2.1413317463083894,17.227659485268372,0.6931471805599453,6.859614903654202,1,4,2021,1,7,2021
32.0,1,1.0,66.0,1250.0,640405,2.579861155741819,17.223962958218433,1.3862943611198906,6.996681488176539,1,4,2021,1,7,2021
78.0,1,1.0,10.0,1250.0,1670798778,0.6059256072988088,17.227659485268372,1.0986122886681098,6.855408798609928,1,4,2021,1,7,2021
32.0,1,1.0,66.0,1500.0,640405,2.075152228966576,17.223962958218433,1.6094379124341003,6.985641817639208,1,4,2021,1,7,2021
78.0,1,1.0,10.0,1250.0,1670798778,1.3525825725587401,17.227659485268372,1.3862943611198906,6.856461984594587,1,4,2021,1,7,2021
32.0,1,1.0,66.0,1500.0,640405,2.3820624701291515,17.223962958218433,1.791759469228055,6.984716320118266,1,4,2021,1,7,2021
78.0,1,1.0,10.0,1250.0,1670798778,2.0886467557697705,17.227659485268372,1.6094379124341003,6.85751406254539,1,4,2021,1,7,2021
32.0,1,1.0,66.0,1500.0,640405,2.8092452841788265,17.223962958218433,1.8484548129046001,6.99117688712121,1,4,2021,1,7,2021
78.0,1,1.0,10.0,1250.0,1670798778,2.4534063808273463,17.227659485268372,1.791759469228055,6.848005274576363,1,4,2021,1,7,2021
77.0,1,0.0,10.0,1342.0,1670798778,3.45313984765888,17.22813325476252,0.6931471805599453,6.927557906278317,1,4,2021,1,9,2021
78.0,1,1.0,10.0,1000.0,1670798778,2.2973211731455323,17.227659485268372,0.6931471805599453,6.86484777797086,1,4,2021,1,7,2021
77.0,1,0.0,10.0,1322.0,1670798778,3.2349098245053383,17.22813325476252,0.6931471805599453,6.946013991099227,1,4,2021,1,9,2021
78.0,1,1.0,10.0,1000.0,1670798778,2.3690851312858876,17.227659485268372,1.0986122886681098,6.858565034791365,1,4,2021,1,7,2021
78.0,1,1.0,10.0,1000.0,1670798778,1.8651120629886744,17.227659485268372,1.3862943611198906,6.859614903654202,1,4,2021,1,7,2021
78.0,1,1.0,10.0,1000.0,1670798778,0.5569309486922124,17.227659485268372,1.6094379124341003,6.859614903654202,1,4,2021,1,7,2021
78.0,1,1.0,10.0,1000.0,1670798778,2.112860283909292,17.227659485268372,1.791759469228055,6.860663671448287,1,4,2021,1,7,2021
78.0,1,1.0,10.0,1370.0,1670798778,1.893896901729244,17.227659485268372,0.8754687373538999,6.85751406254539,1,4,2021,1,7,2021
78.0,1,1.0,10.0,1405.0,1670798778,2.1778925526559227,17.227659485268372,1.0647107369924282,6.860663671448287,1,4,2021,1,7,2021
78.0,1,1.0,10.0,1500.0,1670798778,1.5242322620293802,17.227659485268372,1.0647107369924282,6.851184927493743,1,4,2021,1,7,2021
78.0,1,1.0,10.0,1235.0,1670798778,1.8270916576603335,17.227659485268372,1.5040773967762742,6.84587987526405,1,4,2021,1,7,2021
78.0,1,1.0,10.0,1250.0,1670798778,1.6159826746781742,17.227659485268372,1.33500106673234,6.856461984594587,1,4,2021,1,7,2021
78.0,1,1.0,10.0,1000.0,1670798778,0.9367397251328021,17.227659485268372,1.33500106673234,6.852242569051878,1,4,2021,1,7,2021
78.0,1,1.0,10.0,1500.0,1670798778,2.177176788630437,17.227659485268372,0.6931471805599453,6.863803391452954,1,4,2021,1,7,2021
78.0,1,1.0,10.0,1500.0,1670798778,0.7813024879283279,17.227659485268372,1.0986122886681098,6.860663671448287,1,4,2021,1,7,2021
78.0,1,1.0,10.0,1500.0,1670798778,1.0216885475963253,17.227659485268372,1.3862943611198906,6.860663671448287,1,4,2021,1,7,2021
78.0,1,1.0,10.0,1500.0,1670798778,0.5983122329149275,17.227659485268372,1.6094379124341003,6.859614903654202,1,4,2021,1,7,2021
78.0,1,1.0,10.0,1500.0,1670798778,1.4818455357462668,17.227659485268372,1.791759469228055,6.858565034791365,1,4,2021,1,7,2021
78.0,1,1.0,10.0,1250.0,1670798778,1.0648600523960527,17.227659485268372,0.6931471805599453,6.8690144506657065,1,4,2021,1,7,2021
78.0,1,1.0,10.0,1250.0,1670798778,2.08096054191461,17.227659485268372,1.0986122886681098,6.8679744089702925,1,4,2021,1,7,2021
78.0,1,1.0,10.0,1250.0,1670798778,1.9071623737293053,17.227659485268372,1.3862943611198906,6.866933284461882,1,4,2021,1,7,2021
78.0,1,1.0,10.0,1250.0,1670798778,2.2405807828827795,17.227659485268372,1.6094379124341003,6.859614903654202,1,4,2021,1,7,2021
78.0,1,1.0,10.0,1250.0,1670798778,1.3065958149035053,17.227659485268372,1.791759469228055,6.858565034791365,1,4,2021,1,7,2021
78.0,1,1.0,10.0,1000.0,1670798778,1.60165163006003,17.227659485268372,0.6931471805599453,6.872128101338986,1,4,2021,1,7,2021
78.0,1,1.0,10.0,1000.0,1670798778,2.340649072966307,17.227659485268372,1.0986122886681098,6.873163834212518,1,4,2021,1,7,2021
78.0,1,1.0,10.0,1000.0,1670798778,0.9255147265337959,17.227659485268372,1.3862943611198906,6.86171134048073,1,4,2021,1,7,2021
78.0,1,1.0,10.0,1000.0,1670798778,1.0403610391948859,17.227659485268372,1.6094379124341003,6.86484777797086,1,4,2021,1,7,2021
78.0,1,1.0,10.0,1000.0,1670798778,1.1511058936113017,17.227659485268372,1.791759469228055,6.859614903654202,1,4,2021,1,7,2021
78.0,1,1.0,10.0,1500.0,1670798778,0.9582580224204634,17.227659485268372,0.9162907318741551,6.86484777797086,1,4,2021,1,7,2021
30.0,1,2.0,28.0,952.0,628377,5.956168788373714,17.221826915285693,-0.9675840262617056,6.666862490551294,1,4,2021,1,4,2021
32.0,1,0.0,59.0,1317.0,1668701718,5.310300606867525,17.22829303912745,0.8329091229351039,6.666862490551294,1,4,2021,7,4,2021
28.0,1,1.0,10.0,2000.0,640665,6.664945202498665,17.22373519055992,1.3862943611198906,6.666862490551294,1,4,2021,3,4,2021
32.0,1,1.0,41.0,1220.0,611993,4.730807836345651,17.228049777132522,-0.3856624808119846,6.836259277277067,1,4,2021,6,4,2021
32.0,1,1.0,41.0,1220.0,611993,4.736160425741819,17.228049777132522,-0.5978370007556204,6.860663671448287,1,4,2021,6,4,2021
32.0,1,0.0,41.0,1056.0,611993,3.564175626208621,17.22761962341327,-0.9942522733438669,6.93537044601511,1,4,2021,6,4,2021
32.0,1,0.0,41.0,1220.0,611993,3.981195153030841,17.22761962341327,-0.5978370007556204,6.90975328164481,1,4,2021,6,4,2021
32.0,1,0.0,41.0,1220.0,611993,3.983966770316718,17.22761962341327,-0.5978370007556204,6.8679744089702925,1,4,2021,6,4,2021
25.0,1,0.0,15.0,1500.0,1671863738,3.162846558712763,17.229759595011142,1.3862943611198906,6.821107472256465,1,4,2021,6,4,2021
